FilePath,FileName,NEVdate,NumGoodChannels,SNRallchannels,SNRgoodchannels
R:\data_raw\human\rp3_bmi\BMI01\BlackrockData\PedA\20120220-103229\,20120220-103229-001.nev,2012220,90,2.45287353413731,2.45287353413731
R:\data_raw\human\rp3_bmi\BMI01\BlackrockData\PedA\20120220-104022\,20120220-104022-001.nev,2012220,85,2.50304074784275,2.50304074784275
R:\data_raw\human\rp3_bmi\BMI01\BlackrockData\PedA\20120220-135825\,20120220-135825-001.nev,2012220,74,2.49902475991798,2.49902475991798
R:\data_raw\human\rp3_bmi\BMI01\BlackrockData\PedA\20120221-111056\,20120221-111056-001.nev,2012221,90,2.41117655677905,2.42581751649289
R:\data_raw\human\rp3_bmi\BMI01\BlackrockData\PedA\20120221-132117\,20120221-132117-001.nev,2012221,86,2.45789519083575,2.45789519083575
R:\data_raw\human\rp3_bmi\BMI01\BlackrockData\PedA\20120222-105712\,20120222-105712-001.nev,2012222,94,2.39361516683791,2.39361516683791
R:\data_raw\human\rp3_bmi\BMI01\BlackrockData\PedA\20120222-131914\,20120222-131914-001.nev,2012222,92,2.37746862158496,2.37746862158496
R:\data_raw\human\rp3_bmi\BMI01\BlackrockData\PedA\20120227-111149\,20120227-111149-001.nev,2012227,92,2.28479101868775,2.29380749312896
R:\data_raw\human\rp3_bmi\BMI01\BlackrockData\PedA\20120227-133642\,20120227-133642-001.nev,2012227,90,2.13299931451287,2.14116353230969
R:\data_raw\human\rp3_bmi\BMI01\BlackrockData\PedA\20120228-114817\,20120228-114817-001.nev,2012228,60,3.27729868102852,3.27729868102852
R:\data_raw\human\rp3_bmi\BMI01\BlackrockData\PedA\20120228-114956\,20120228-114956-001.nev,2012228,58,3.32928273781916,3.32928273781916
R:\data_raw\human\rp3_bmi\BMI01\BlackrockData\PedA\20120302-110842\,20120302-110842-001.nev,201232,57,3.24966164632306,3.24966164632306
R:\data_raw\human\rp3_bmi\BMI01\BlackrockData\PedA\20120302-140201\,20120302-140201-001.nev,201232,49,3.17189721205759,3.17189721205759
R:\data_raw\human\rp3_bmi\BMI01\BlackrockData\PedA\20120302-140201\,20120302-140201-002.nev,201232,51,3.17456654292292,3.17456654292292
R:\data_raw\human\rp3_bmi\BMI01\BlackrockData\PedA\20120305-110529\,20120305-110529-001.nev,201235,62,3.35483001212043,3.35483001212043
R:\data_raw\human\rp3_bmi\BMI01\BlackrockData\PedA\20120305-133726\,20120305-133726-001.nev,201235,58,3.37646907743376,3.37646907743376
R:\data_raw\human\rp3_bmi\BMI01\BlackrockData\PedA\20120306-105414\,20120306-105414-001.nev,201236,35,3.70130418647801,3.70130418647801
R:\data_raw\human\rp3_bmi\BMI01\BlackrockData\PedA\20120306-105414\,20120306-105414-002.nev,201236,53,3.49015634980776,3.49015634980776
R:\data_raw\human\rp3_bmi\BMI01\BlackrockData\PedA\20120306-105754\,20120306-105754-001.nev,201236,48,3.5290469311579,3.5290469311579
R:\data_raw\human\rp3_bmi\BMI01\BlackrockData\PedA\20120306-131837\,20120306-131837-001.nev,201236,48,3.40904652024238,3.40904652024238
R:\data_raw\human\rp3_bmi\BMI01\BlackrockData\PedA\20120309-112119\,20120309-112119-001.nev,201239,51,3.53943130406099,3.53943130406099
R:\data_raw\human\rp3_bmi\BMI01\BlackrockData\PedA\20120309-135352\,20120309-135352-001.nev,201239,86,2.37647795728391,2.37647795728391
R:\data_raw\human\rp3_bmi\BMI01\BlackrockData\PedA\20120312-105822\,20120312-105822-001.nev,2012312,68,3.44519758737499,3.44519758737499
R:\data_raw\human\rp3_bmi\BMI01\BlackrockData\PedA\20120312-133026\,20120312-133026-001.nev,2012312,52,3.31361681809854,3.31361681809854
R:\data_raw\human\rp3_bmi\BMI01\BlackrockData\PedA\20120313-111356\,20120313-111356-001.nev,2012313,60,3.35726425510735,3.35726425510735
R:\data_raw\human\rp3_bmi\BMI01\BlackrockData\PedA\20120313-132842\,20120313-132842-001.nev,2012313,57,3.13338552793607,3.13338552793607
R:\data_raw\human\rp3_bmi\BMI01\BlackrockData\PedA\20120316-105854\,20120316-105854-001.nev,2012316,57,3.43280004361648,3.43280004361648
R:\data_raw\human\rp3_bmi\BMI01\BlackrockData\PedA\20120316-133502\,20120316-133502-001.nev,2012316,56,3.31730160369357,3.31730160369357
R:\data_raw\human\rp3_bmi\BMI01\BlackrockData\PedA\20120319-105801\,20120319-105801-001.nev,2012319,64,3.31978715456014,3.31978715456014
R:\data_raw\human\rp3_bmi\BMI01\BlackrockData\PedA\20120319-131016\,20120319-131016-001.nev,2012319,66,3.19933204986936,3.19933204986936
R:\data_raw\human\rp3_bmi\BMI01\BlackrockData\PedA\20120320-110351\,20120320-110351-001.nev,2012320,54,4.0254942750423,4.0254942750423
R:\data_raw\human\rp3_bmi\BMI01\BlackrockData\PedA\20120320-131540\,20120320-131540-001.nev,2012320,51,4.01270126439405,4.01270126439405
R:\data_raw\human\rp3_bmi\BMI01\BlackrockData\PedA\20120323-095141\,20120323-095141-001.nev,2012323,60,3.73596791737761,3.73596791737761
R:\data_raw\human\rp3_bmi\BMI01\BlackrockData\PedA\20120326-110953\,20120326-110953-001.nev,2012326,75,3.48371524016651,3.48371524016651
R:\data_raw\human\rp3_bmi\BMI01\BlackrockData\PedA\20120326-132828\,20120326-132828-001.nev,2012326,75,3.64266539018071,3.64266539018071
R:\data_raw\human\rp3_bmi\BMI01\BlackrockData\PedA\20120327-110159\,20120327-110159-001.nev,2012327,73,3.53374018957449,3.53374018957449
R:\data_raw\human\rp3_bmi\BMI01\BlackrockData\PedA\20120402-110510\,20120402-110510-001.nev,201242,53,4.49945139736071,4.49945139736071
R:\data_raw\human\rp3_bmi\BMI01\BlackrockData\PedA\20120405-102434\,20120405-102434-001.nev,201245,44,3.51530228360474,3.51530228360474
R:\data_raw\human\rp3_bmi\BMI01\BlackrockData\PedA\20120405-102602\,20120405-102602-001.nev,201245,46,3.42004110256831,3.42004110256831
R:\data_raw\human\rp3_bmi\BMI01\BlackrockData\PedA\20120409-105738\,20120409-105738-001.nev,201249,62,4.10593217929577,4.10593217929577
R:\data_raw\human\rp3_bmi\BMI01\BlackrockData\PedA\20120409-105738\,20120409-105738-002.nev,201249,4,3.94472108471978,3.94472108471978
R:\data_raw\human\rp3_bmi\BMI01\BlackrockData\PedA\20120409-105858\,20120409-105858-001.nev,201249,63,4.0387542839936,4.0387542839936
R:\data_raw\human\rp3_bmi\BMI01\BlackrockData\PedA\20120409-135011\,20120409-135011-001.nev,201249,61,3.93117162511127,3.93117162511127
R:\data_raw\human\rp3_bmi\BMI01\BlackrockData\PedA\20120410-110042\,20120410-110042-001.nev,2012410,55,3.76380435695575,3.76380435695575
R:\data_raw\human\rp3_bmi\BMI01\BlackrockData\PedA\20120410-110042\,20120410-110042-002.nev,2012410,57,3.72438854506587,3.72438854506587
R:\data_raw\human\rp3_bmi\BMI01\BlackrockData\PedA\20120410-141929\,20120410-141929-001.nev,2012410,73,2.84286546118032,2.84286546118032
R:\data_raw\human\rp3_bmi\BMI01\BlackrockData\PedA\20120413-101444\,20120413-101444-001.nev,2012413,59,4.30723494885131,4.30723494885131
R:\data_raw\human\rp3_bmi\BMI01\BlackrockData\PedA\20120416-101024\,20120416-101024-001.nev,2012416,72,3.92791430040232,3.92791430040232
R:\data_raw\human\rp3_bmi\BMI01\BlackrockData\PedA\20120416-123024\,20120416-123024-001.nev,2012416,70,3.70111097998888,3.70111097998888
R:\data_raw\human\rp3_bmi\BMI01\BlackrockData\PedA\20120417-110556\,20120417-110556-001.nev,2012417,65,3.8728083912995,3.8728083912995
R:\data_raw\human\rp3_bmi\BMI01\BlackrockData\PedA\20120417-135342\,20120417-135342-001.nev,2012417,64,3.73008489641689,3.73008489641689
R:\data_raw\human\rp3_bmi\BMI01\BlackrockData\PedA\20120420-100304\,20120420-100304-001.nev,2012420,62,4.08794840328071,4.08794840328071
R:\data_raw\human\rp3_bmi\BMI01\BlackrockData\PedA\20120424-105952\,20120424-105952-001.nev,2012424,71,3.5261105185828,3.5261105185828
R:\data_raw\human\rp3_bmi\BMI01\BlackrockData\PedA\20120424-134947\,20120424-134947-001.nev,2012424,67,3.56748521007568,3.56748521007568
R:\data_raw\human\rp3_bmi\BMI01\BlackrockData\PedA\20120425-095641\,20120425-095641-001.nev,2012425,71,3.36678647457948,3.36678647457948
R:\data_raw\human\rp3_bmi\BMI01\BlackrockData\PedA\20120427-095358\,20120427-095358-001.nev,2012427,69,3.76631625209261,3.76631625209261
R:\data_raw\human\rp3_bmi\BMI01\BlackrockData\PedA\20120430-102545\,20120430-102545-001.nev,2012430,68,3.86005704304514,3.86005704304514
R:\data_raw\human\rp3_bmi\BMI01\BlackrockData\PedA\20120501-105408\,20120501-105408-001.nev,201251,63,3.76747553073749,3.76747553073749
R:\data_raw\human\rp3_bmi\BMI01\BlackrockData\PedA\20120504-095107\,20120504-095107-001.nev,201254,66,3.61738525757049,3.61738525757049
R:\data_raw\human\rp3_bmi\BMI01\BlackrockData\PedA\20120507-100518\,20120507-100518-001.nev,201257,42,3.83962272634259,3.83962272634259
R:\data_raw\human\rp3_bmi\BMI01\BlackrockData\PedA\20120507-100549\,20120507-100549-001.nev,201257,62,3.73529593461043,3.73529593461043
R:\data_raw\human\rp3_bmi\BMI01\BlackrockData\PedA\20120507-125210\,20120507-125210-001.nev,201257,61,3.47010132693052,3.47010132693052
R:\data_raw\human\rp3_bmi\BMI01\BlackrockData\PedA\20120508-104807\,20120508-104807-001.nev,201258,17,3.95252382146184,3.95252382146184
R:\data_raw\human\rp3_bmi\BMI01\BlackrockData\PedA\20120508-104843\,20120508-104843-001.nev,201258,55,3.77893581106302,3.77893581106302
R:\data_raw\human\rp3_bmi\BMI01\BlackrockData\PedA\20120508-142645\,20120508-142645-001.nev,201258,64,3.45069540612005,3.45069540612005
R:\data_raw\human\rp3_bmi\BMI01\BlackrockData\PedA\20120514-102014\,20120514-102014-001.nev,2012514,63,3.71041306207798,3.71041306207798
R:\data_raw\human\rp3_bmi\BMI01\BlackrockData\PedA\20120515-111445\,20120515-111445-001.nev,2012515,64,3.79203012061756,3.79203012061756
R:\data_raw\human\rp3_bmi\BMI01\BlackrockData\PedA\20120518-102140\,20120518-102140-001.nev,2012518,62,3.77138683425824,3.77138683425824
R:\data_raw\human\rp3_bmi\BMI01\BlackrockData\PedA\20120521-095957\,20120521-095957-001.nev,2012521,74,3.83907234723344,3.83907234723344
R:\data_raw\human\rp3_bmi\BMI01\BlackrockData\PedA\20120521-124401\,20120521-124401-001.nev,2012521,93,2.08713705168956,2.09356239611383
R:\data_raw\human\rp3_bmi\BMI01\BlackrockData\PedA\20120523-100809\,20120523-100809-001.nev,2012523,68,3.97249996406031,3.97249996406031
R:\data_raw\human\rp3_bmi\BMI01\BlackrockData\PedA\20120525-093457\,20120525-093457-001.nev,2012525,73,4.12280923194212,4.12280923194212
R:\data_raw\human\rp3_bmi\BMI01\BlackrockData\PedA\20120525-093640\,20120525-093640-001.nev,2012525,72,4.08886643268067,4.08886643268067
R:\data_raw\human\rp3_bmi\BMI01\BlackrockData\PedA\20120529-105524\,20120529-105524-001.nev,2012529,39,4.30105649096834,4.30105649096834
R:\data_raw\human\rp3_bmi\BMI01\BlackrockData\PedA\20120529-105559\,20120529-105559-001.nev,2012529,70,3.73280478132555,3.73280478132555
R:\data_raw\human\rp3_bmi\BMI01\BlackrockData\PedA\20120601-095527\,20120601-095527-001.nev,201261,53,4.32781580303653,4.32781580303653
R:\data_raw\human\rp3_bmi\BMI01\BlackrockData\PedA\20120604-100001\,20120604-100001-001.nev,201264,56,4.19251966297223,4.19251966297223
R:\data_raw\human\rp3_bmi\BMI01\BlackrockData\PedA\20120605-105849\,20120605-105849-001.nev,201265,73,3.82328668650179,3.82328668650179
R:\data_raw\human\rp3_bmi\BMI01\BlackrockData\PedA\20120608-095951\,20120608-095951-001.nev,201268,56,4.06739956722323,4.06739956722323
R:\data_raw\human\rp3_bmi\BMI01\BlackrockData\PedA\20120611-100041\,20120611-100041-001.nev,2012611,70,3.37615934126899,3.37615934126899
R:\data_raw\human\rp3_bmi\BMI01\BlackrockData\PedA\20120612-104542\,20120612-104542-001.nev,2012612,66,3.3628062589269,3.3628062589269
R:\data_raw\human\rp3_bmi\BMI01\BlackrockData\PedA\20120615-104907\,20120615-104907-001.nev,2012615,56,3.55685680052785,3.55685680052785
R:\data_raw\human\rp3_bmi\BMI01\BlackrockData\PedA\20120615-132144\,20120615-132144-001.nev,2012615,57,3.45242898832499,3.45242898832499
R:\data_raw\human\rp3_bmi\BMI01\BlackrockData\PedA\20120622-095944\,20120622-095944-001.nev,2012622,65,3.57731043530053,3.57731043530053
R:\data_raw\human\rp3_bmi\BMI01\BlackrockData\PedA\20120625-102027\,20120625-102027-001.nev,2012625,87,2.5782645550181,2.5782645550181
R:\data_raw\human\rp3_bmi\BMI01\BlackrockData\PedA\20120626-104937\,20120626-104937-001.nev,2012626,74,3.07526359837365,3.07526359837365
R:\data_raw\human\rp3_bmi\BMI01\BlackrockData\PedA\20120629-094143\,20120629-094143-001.nev,2012629,76,2.89610381600291,2.89610381600291
R:\data_raw\human\rp3_bmi\BMI01\BlackrockData\PedA\20120702-094300\,20120702-094300-001.nev,201272,56,3.15150691850122,3.15150691850122
R:\data_raw\human\rp3_bmi\BMI01\BlackrockData\PedA\20120703-103458\,20120703-103458-001.nev,201273,54,3.35565936183255,3.35565936183255
R:\data_raw\human\rp3_bmi\BMI01\BlackrockData\PedA\20120706-095102\,20120706-095102-001.nev,201276,64,3.21441991877862,3.21441991877862
R:\data_raw\human\rp3_bmi\BMI01\BlackrockData\PedA\20120709-093325\,20120709-093325-001.nev,201279,60,3.37979693631062,3.37979693631062
R:\data_raw\human\rp3_bmi\BMI01\BlackrockData\PedA\20120713-100006\,20120713-100006-001.nev,2012713,64,3.35126491398087,3.35126491398087
R:\data_raw\human\rp3_bmi\BMI01\BlackrockData\PedA\20120716-093227\,20120716-093227-001.nev,2012716,60,3.44473315335275,3.44473315335275
R:\data_raw\human\rp3_bmi\BMI01\BlackrockData\PedA\20120717-104118\,20120717-104118-001.nev,2012717,59,3.25053588924618,3.25053588924618
R:\data_raw\human\rp3_bmi\BMI01\BlackrockData\PedA\20120720-094435\,20120720-094435-001.nev,2012720,62,3.06711004448542,3.06711004448542
R:\data_raw\human\rp3_bmi\BMI01\BlackrockData\PedA\20120723-094256\,20120723-094256-001.nev,2012723,55,3.27385139242167,3.27385139242167
R:\data_raw\human\rp3_bmi\BMI01\BlackrockData\PedA\20120724-110121\,20120724-110121-001.nev,2012724,82,2.9951778543296,2.9951778543296
R:\data_raw\human\rp3_bmi\BMI01\BlackrockData\PedA\20120727-095614\,20120727-095614-001.nev,2012727,71,3.27192847749632,3.27192847749632
R:\data_raw\human\rp3_bmi\BMI01\BlackrockData\PedA\20120728-090842\,20120728-090842-001.nev,2012728,5,4.77755677496082,4.77755677496082
R:\data_raw\human\rp3_bmi\BMI01\BlackrockData\PedA\20120728-090920\,20120728-090920-001.nev,2012728,57,3.47349833509319,3.47349833509319
R:\data_raw\human\rp3_bmi\BMI01\BlackrockData\PedA\20120803-094718\,20120803-094718-001.nev,201283,53,3.51840985645441,3.51840985645441
R:\data_raw\human\rp3_bmi\BMI01\BlackrockData\PedA\20120807-110138\,20120807-110138-001.nev,201287,59,3.2373564277866,3.2373564277866
R:\data_raw\human\rp3_bmi\BMI01\BlackrockData\PedA\20120808-094208\,20120808-094208-001.nev,201288,62,3.20402551476127,3.20402551476127
R:\data_raw\human\rp3_bmi\BMI01\BlackrockData\PedA\20120808-094553\,20120808-094553-001.nev,201288,60,3.14310841311028,3.17563860981148
R:\data_raw\human\rp3_bmi\BMI01\BlackrockData\PedA\20120810-093834\,20120810-093834-001.nev,2012810,45,3.5746003597845,3.5746003597845
R:\data_raw\human\rp3_bmi\BMI01\BlackrockData\PedA\20120813-095853\,20120813-095853-001.nev,2012813,67,3.33413569880324,3.33413569880324
R:\data_raw\human\rp3_bmi\BMI01\BlackrockData\PedA\20120814-103328\,20120814-103328-001.nev,2012814,57,3.24983857546935,3.24983857546935
R:\data_raw\human\rp3_bmi\BMI01\BlackrockData\PedA\20120817-094307\,20120817-094307-001.nev,2012817,68,3.21412546913881,3.21412546913881
R:\data_raw\human\rp3_bmi\BMI01\BlackrockData\PedA\20120820-095203\,20120820-095203-001.nev,2012820,58,3.19626968217014,3.19626968217014
R:\data_raw\human\rp3_bmi\BMI01\BlackrockData\PedA\20120821-104451\,20120821-104451-001.nev,2012821,67,3.17191053462369,3.17191053462369
R:\data_raw\human\rp3_bmi\BMI01\BlackrockData\PedA\20120824-094732\,20120824-094732-001.nev,2012824,68,3.45427358371766,3.45427358371766
R:\data_raw\human\rp3_bmi\BMI01\BlackrockData\PedA\20120827-105007\,20120827-105007-001.nev,2012827,62,3.37462673392337,3.37462673392337
R:\data_raw\human\rp3_bmi\BMI01\BlackrockData\PedA\20120828-105357\,20120828-105357-001.nev,2012828,63,3.29154663768382,3.29154663768382
R:\data_raw\human\rp3_bmi\BMI01\BlackrockData\PedA\20120831-094645\,20120831-094645-001.nev,2012831,73,3.08553940347401,3.08553940347401
R:\data_raw\human\rp3_bmi\BMI01\BlackrockData\PedA\20120904-105517\,20120904-105517-001.nev,201294,71,3.10037764744056,3.10037764744056
R:\data_raw\human\rp3_bmi\BMI01\BlackrockData\PedA\20120907-100435\,20120907-100435-001.nev,201297,49,3.56329281851679,3.6078311618465
R:\data_raw\human\rp3_bmi\BMI01\BlackrockData\PedA\20120911-105141\,20120911-105141-001.nev,2012911,64,3.35761908424077,3.35761908424077
R:\data_raw\human\rp3_bmi\BMI01\BlackrockData\PedA\20120914-094532\,20120914-094532-001.nev,2012914,62,3.31029244085766,3.31029244085766
R:\data_raw\human\rp3_bmi\BMI01\BlackrockData\PedA\20120917-095425\,20120917-095425-001.nev,2012917,59,3.37621441212646,3.37621441212646
R:\data_raw\human\rp3_bmi\BMI01\BlackrockData\PedA\20120918-104800\,20120918-104800-001.nev,2012918,61,3.41493332584273,3.4553315330524
R:\data_raw\human\rp3_bmi\BMI01\BlackrockData\PedA\20120925-110259\,20120925-110259-001.nev,2012925,55,3.28927552511214,3.28927552511214
R:\data_raw\human\rp3_bmi\BMI01\BlackrockData\PedA\20120926-102954\,20120926-102954-001.nev,2012926,48,3.32606953760466,3.32606953760466
R:\data_raw\human\rp3_bmi\BMI01\BlackrockData\PedA\20120928-094446\,20120928-094446-001.nev,2012928,49,3.60634355829465,3.60634355829465
R:\data_raw\human\rp3_bmi\BMI01\BlackrockData\PedA\20121002-105244\,20121002-105244-001.nev,2012102,58,3.50120727840913,3.50120727840913
R:\data_raw\human\rp3_bmi\BMI01\BlackrockData\PedA\20121003-095115\,20121003-095115-001.nev,2012103,59,3.45159261211419,3.45159261211419
R:\data_raw\human\rp3_bmi\BMI01\BlackrockData\PedA\20121009-105409\,20121009-105409-001.nev,2012109,51,3.31321053589035,3.31321053589035
R:\data_raw\human\rp3_bmi\BMI01\BlackrockData\PedA\20121010-094750\,20121010-094750-001.nev,20121010,53,3.26896988495154,3.26896988495154
R:\data_raw\human\rp3_bmi\BMI01\BlackrockData\PedA\20121012-100339\,20121012-100339-001.nev,20121012,46,3.76672819904369,3.76672819904369
R:\data_raw\human\rp3_bmi\BMI01\BlackrockData\PedA\20121016-104528\,20121016-104528-001.nev,20121016,49,3.22795314545403,3.22795314545403
R:\data_raw\human\rp3_bmi\BMI01\BlackrockData\PedA\20121016-104600\,20121016-104600-001.nev,20121016,48,3.82129016586673,3.82129016586673
R:\data_raw\human\rp3_bmi\BMI01\BlackrockData\PedA\20121017-094848\,20121017-094848-001.nev,20121017,42,4.02974482719451,4.02974482719451
R:\data_raw\human\rp3_bmi\BMI01\BlackrockData\PedA\20121017-094848\,20121017-094848-002.nev,20121017,38,4.14447003706319,4.14447003706319
R:\data_raw\human\rp3_bmi\BMI01\BlackrockData\PedA\20121019-095108\,20121019-095108-001.nev,20121019,65,3.32638531022484,3.32638531022484
R:\data_raw\human\rp3_bmi\BMI01\BlackrockData\PedA\20121023-105134\,20121023-105134-001.nev,20121023,58,3.31330989502116,3.31330989502116
R:\data_raw\human\rp3_bmi\BMI01\BlackrockData\PedA\20121024-110350\,20121024-110350-001.nev,20121024,56,3.33114791471623,3.33114791471623
R:\data_raw\human\rp3_bmi\BMI01\BlackrockData\PedA\20121026-094320\,20121026-094320-001.nev,20121026,47,3.55132949645132,3.55132949645132
R:\data_raw\human\rp3_bmi\BMI01\BlackrockData\PedA\20121031-101832\,20121031-101832-001.nev,20121031,44,3.37686649046525,3.37686649046525
R:\data_raw\human\rp3_bmi\BMI01\BlackrockData\PedA\20121102-094314\,20121102-094314-001.nev,2012112,61,3.15404765732113,3.15404765732113
R:\data_raw\human\rp3_bmi\BMI01\BlackrockData\PedA\20121106-105429\,20121106-105429-001.nev,2012116,55,3.27593842787437,3.27593842787437
R:\data_raw\human\rp3_bmi\BMI01\BlackrockData\PedA\20121107-095333\,20121107-095333-001.nev,2012117,49,3.39822642140249,3.39822642140249
R:\data_raw\human\rp3_bmi\BMI01\BlackrockData\PedA\20121109-095651\,20121109-095651-001.nev,2012119,48,3.46882275382268,3.46882275382268
R:\data_raw\human\rp3_bmi\BMI01\BlackrockData\PedA\20121113-110708\,20121113-110708-001.nev,20121113,48,3.39859690256687,3.39859690256687
R:\data_raw\human\rp3_bmi\BMI01\BlackrockData\PedA\20121116-095451\,20121116-095451-001.nev,20121116,51,3.51653356227633,3.51653356227633
R:\data_raw\human\rp3_bmi\BMI01\BlackrockData\PedA\20121120-104022\,20121120-104022-001.nev,20121120,68,2.93478973332885,2.93478973332885
R:\data_raw\human\rp3_bmi\BMI01\BlackrockData\PedA\20121121-094526\,20121121-094526-001.nev,20121121,39,3.50928140125796,3.50928140125796
R:\data_raw\human\rp3_bmi\BMI01\BlackrockData\PedA\20121128-101457\,20121128-101457-001.nev,20121128,60,3.26578834218626,3.26578834218626
R:\data_raw\human\rp3_bmi\BMI01\BlackrockData\PedA\20121130-095706\,20121130-095706-001.nev,20121130,50,3.26918112830929,3.26918112830929
R:\data_raw\human\rp3_bmi\BMI01\BlackrockData\PedA\20121203-093522 A\,20121203-093522-001.nev,2012123,62,2.92372638093235,2.92372638093235
R:\data_raw\human\rp3_bmi\BMI01\BlackrockData\PedA\20121204-105619\,20121204-105619-001.nev,2012124,56,3.32742479760005,3.32742479760005
R:\data_raw\human\rp3_bmi\BMI01\BlackrockData\PedA\20121205-094002\,20121205-094002-001.nev,2012125,55,3.18961544105293,3.18961544105293
R:\data_raw\human\rp3_bmi\BMI01\BlackrockData\PedA\20121211-111258\,20121211-111258-001.nev,20121211,53,3.25290999141688,3.25290999141688
R:\data_raw\human\rp3_bmi\BMI01\BlackrockData\PedA\20121212-094135\,20121212-094135-001.nev,20121212,45,3.42415087925783,3.42415087925783
R:\data_raw\human\rp3_bmi\BMI01\BlackrockData\PedA\20121213-094351 A\,20121213-094351-001.nev,20121213,50,3.50095404822847,3.50095404822847
R:\data_raw\human\rp3_bmi\BMI01\BlackrockData\PedA\20121214-093248\,20121214-093248-001.nev,20121214,45,3.66771937698912,3.66771937698912
R:\data_raw\human\rp3_bmi\BMI01\BlackrockData\PedA\20121219-100529\,20121219-100529-001.nev,20121219,43,3.87487553819629,3.87487553819629
R:\data_raw\human\rp3_bmi\BMI01\BlackrockData\PedA\20130102-101548\,20130102-101548-001.nev,201312,57,3.3469834792318,3.3469834792318
R:\data_raw\human\rp3_bmi\BMI01\BlackrockData\PedA\20130104-094309\,20130104-094309-001.nev,201314,61,3.23754148142694,3.23754148142694
R:\data_raw\human\rp3_bmi\BMI01\BlackrockData\PedA\20130115-104754\,20130115-104754-001.nev,2013115,61,3.05864956871898,3.05864956871898
R:\data_raw\human\rp3_bmi\BMI01\BlackrockData\PedA\20130116-095440\,20130116-095440-001.nev,2013116,40,3.67742863569898,3.67742863569898
R:\data_raw\human\rp3_bmi\BMI01\BlackrockData\PedA\20130118-095619\,20130118-095619-001.nev,2013118,59,3.44716401702188,3.44716401702188
R:\data_raw\human\rp3_bmi\BMI01\BlackrockData\PedA\20130122-112119\,20130122-112119-001.nev,2013122,47,3.43659100792065,3.43659100792065
R:\data_raw\human\rp3_bmi\BMI01\BlackrockData\PedA\20130123-094213\,20130123-094213-001.nev,2013123,38,3.61487706121359,3.61487706121359
R:\data_raw\human\rp3_bmi\BMI01\BlackrockData\PedA\20130205-111720\,20130205-111720-001.nev,201325,41,3.49905739617308,3.49905739617308
R:\data_raw\human\rp3_bmi\BMI01\BlackrockData\PedA\20130206-122916\,20130206-122916-001.nev,201326,49,3.07053017972437,3.07053017972437
R:\data_raw\human\rp3_bmi\BMI01\BlackrockData\PedA\20130211-100503\,20130211-100503-001.nev,2013211,50,3.40395789575957,3.40395789575957
R:\data_raw\human\rp3_bmi\BMI01\BlackrockData\PedA\20130215-094645\,20130215-094645-001.nev,2013215,50,3.36802125140633,3.36802125140633
R:\data_raw\human\rp3_bmi\BMI01\BlackrockData\PedA\20130219-105402\,20130219-105402-001.nev,2013219,47,3.38440788986664,3.38440788986664
R:\data_raw\human\rp3_bmi\BMI01\BlackrockData\PedA\20130222-093909\,20130222-093909-001.nev,2013222,50,3.36315920538005,3.36315920538005
R:\data_raw\human\rp3_bmi\BMI01\BlackrockData\PedA\20130226-110307\,20130226-110307-001.nev,2013226,50,3.17941206743519,3.17941206743519
R:\data_raw\human\rp3_bmi\BMI01\BlackrockData\PedA\20130227-094201\,20130227-094201-001.nev,2013227,47,3.40149286207106,3.40149286207106
R:\data_raw\human\rp3_bmi\BMI01\BlackrockData\PedA\20130304-110820\,20130304-110820-001.nev,201334,41,3.43259523049409,3.43259523049409
R:\data_raw\human\rp3_bmi\BMI01\BlackrockData\PedA\20130306-094610\,20130306-094610-001.nev,201336,45,3.38390070675392,3.38390070675392
R:\data_raw\human\rp3_bmi\BMI01\BlackrockData\PedA\20130311-092002\,20130311-092002-001.nev,2013311,45,3.26974759602966,3.26974759602966
R:\data_raw\human\rp3_bmi\BMI01\BlackrockData\PedA\20130313-115525\,20130313-115525-001.nev,2013313,42,3.2537249690308,3.2537249690308
R:\data_raw\human\rp3_bmi\BMI01\BlackrockData\PedA\20130319-113237\,20130319-113237-001.nev,2013319,44,3.2859318359168,3.2859318359168
R:\data_raw\human\rp3_bmi\BMI01\BlackrockData\PedA\20130320-094318\,20130320-094318-001.nev,2013320,50,3.15149129636458,3.15149129636458
R:\data_raw\human\rp3_bmi\BMI01\BlackrockData\PedA\20130326-110741\,20130326-110741-001.nev,2013326,46,3.32477724925571,3.32477724925571
R:\data_raw\human\rp3_bmi\BMI01\BlackrockData\PedA\20130327-093455\,20130327-093455-001.nev,2013327,44,3.35953135029098,3.35953135029098
R:\data_raw\human\rp3_bmi\BMI01\BlackrockData\PedA\20130329-095814\,20130329-095814-001.nev,2013329,54,2.90061749934447,2.90061749934447
R:\data_raw\human\rp3_bmi\BMI01\BlackrockData\PedA\20130402-105258\,20130402-105258-001.nev,201342,50,3.08337200312363,3.08337200312363
R:\data_raw\human\rp3_bmi\BMI01\BlackrockData\PedA\20130403-093722\,20130403-093722-001.nev,201343,55,3.09259867297487,3.09259867297487
R:\data_raw\human\rp3_bmi\BMI01\BlackrockData\PedA\20130409-104116\,20130409-104116-001.nev,201349,46,3.26016711172239,3.26016711172239
R:\data_raw\human\rp3_bmi\BMI01\BlackrockData\PedA\20130410-093419\,20130410-093419-001.nev,2013410,44,3.31477926508847,3.31477926508847
R:\data_raw\human\rp3_bmi\BMI01\BlackrockData\PedA\20130416-104007\,20130416-104007-001.nev,2013416,47,3.0775653859722,3.0775653859722
R:\data_raw\human\rp3_bmi\BMI01\BlackrockData\PedA\20130417-094423\,20130417-094423-001.nev,2013417,45,3.07814062273297,3.07814062273297
R:\data_raw\human\rp3_bmi\BMI01\BlackrockData\PedA\20130419-123000\,20130419-123000-001.nev,2013419,34,3.15971567502639,3.22989368717798
R:\data_raw\human\rp3_bmi\BMI01\BlackrockData\PedA\20130423-105145\,20130423-105145-001.nev,2013423,35,3.26484616004605,3.26484616004605
R:\data_raw\human\rp3_bmi\BMI01\BlackrockData\PedA\20130424-093449\,20130424-093449-001.nev,2013424,33,3.61003995700168,3.61003995700168
R:\data_raw\human\rp3_bmi\BMI01\BlackrockData\PedA\20130430-104733\,20130430-104733-001.nev,2013430,39,3.28644297376982,3.28644297376982
R:\data_raw\human\rp3_bmi\BMI01\BlackrockData\PedA\20130501-094314\,20130501-094314-001.nev,201351,44,3.05107005892365,3.05107005892365
R:\data_raw\human\rp3_bmi\BMI01\BlackrockData\PedA\20130503-093640\,20130503-093640-001.nev,201353,39,3.03477544065657,3.03477544065657
R:\data_raw\human\rp3_bmi\BMI01\BlackrockData\PedA\20130507-105034\,20130507-105034-001.nev,201357,42,2.93632494678251,2.93632494678251
R:\data_raw\human\rp3_bmi\BMI01\BlackrockData\PedA\20130508-094648\,20130508-094648-001.nev,201358,33,3.39438993063264,3.39438993063264
R:\data_raw\human\rp3_bmi\BMI01\BlackrockData\PedA\20130510-110254\,20130510-110254-001.nev,2013510,43,3.18236629948881,3.18236629948881
R:\data_raw\human\rp3_bmi\BMI01\BlackrockData\PedA\20130514-105602\,20130514-105602-001.nev,2013514,40,3.15814470883499,3.15814470883499
R:\data_raw\human\rp3_bmi\BMI01\BlackrockData\PedA\20130515-092716\,20130515-092716-001.nev,2013515,50,2.78090916071917,2.78090916071917
R:\data_raw\human\rp3_bmi\BMI01\BlackrockData\PedA\20130521-101307\,20130521-101307-001.nev,2013521,32,3.18414508440855,3.18414508440855
R:\data_raw\human\rp3_bmi\BMI01\BlackrockData\PedA\20130522-095009\,20130522-095009-001.nev,2013522,33,3.1992471333111,3.1992471333111
R:\data_raw\human\rp3_bmi\BMI01\BlackrockData\PedA\20130528-105659\,20130528-105659-001.nev,2013528,35,3.2643078856624,3.2643078856624
R:\data_raw\human\rp3_bmi\BMI01\BlackrockData\PedA\20130529-092449\,20130529-092449-001.nev,2013529,45,3.14573458007044,3.14573458007044
R:\data_raw\human\rp3_bmi\BMI01\BlackrockData\PedA\20130604-105448\,20130604-105448-001.nev,201364,37,3.03639791388366,3.03639791388366
R:\data_raw\human\rp3_bmi\BMI01\BlackrockData\PedA\20130605-093823\,20130605-093823-001.nev,201365,41,2.89676360230003,2.93483568117619
R:\data_raw\human\rp3_bmi\BMI01\BlackrockData\PedA\20130607-093645\,20130607-093645-001.nev,201367,31,3.27344452987624,3.27344452987624
R:\data_raw\human\rp3_bmi\BMI01\BlackrockData\PedA\20130611-105013\,20130611-105013-001.nev,2013611,32,3.10301289532422,3.10301289532422
R:\data_raw\human\rp3_bmi\BMI01\BlackrockData\PedA\20130612-093136\,20130612-093136-001.nev,2013612,30,3.27092634681004,3.27092634681004
R:\data_raw\human\rp3_bmi\BMI01\BlackrockData\PedA\20130614-093634\,20130614-093634-001.nev,2013614,37,3.28887632291831,3.28887632291831
R:\data_raw\human\rp3_bmi\BMI01\BlackrockData\PedA\20130618-110548\,20130618-110548-001.nev,2013618,38,3.18219062667304,3.18219062667304
R:\data_raw\human\rp3_bmi\BMI01\BlackrockData\PedA\20130621-094726\,20130621-094726-001.nev,2013621,26,3.09459887297975,3.09459887297975
R:\data_raw\human\rp3_bmi\BMI01\BlackrockData\PedA\20130625-110428\,20130625-110428-001.nev,2013625,33,2.99346173308175,2.99346173308175
R:\data_raw\human\rp3_bmi\BMI01\BlackrockData\PedA\20130626-092552\,20130626-092552-001.nev,2013626,32,3.43408576696837,3.43408576696837
R:\data_raw\human\rp3_bmi\BMI01\BlackrockData\PedA\20130628-093144\,20130628-093144-001.nev,2013628,45,3.0280941068753,3.0280941068753
R:\data_raw\human\rp3_bmi\BMI01\BlackrockData\PedA\20130702-105141\,20130702-105141-001.nev,201372,35,3.10814756333839,3.17915358932847
R:\data_raw\human\rp3_bmi\BMI01\BlackrockData\PedA\20130703-093650\,20130703-093650-001.nev,201373,29,3.50291274170465,3.59179841187763
R:\data_raw\human\rp3_bmi\BMI01\BlackrockData\PedA\20130709-104511\,20130709-104511-001.nev,201379,24,3.4789316417425,3.4789316417425
R:\data_raw\human\rp3_bmi\BMI01\BlackrockData\PedA\20130716-103727\,20130716-103727-001.nev,2013716,36,2.94190849696139,2.94190849696139
R:\data_raw\human\rp3_bmi\BMI01\BlackrockData\PedA\20130717-093551\,20130717-093551-001.nev,2013717,38,2.97347287689291,2.97347287689291
R:\data_raw\human\rp3_bmi\BMI01\BlackrockData\PedA\20130723-140622\,20130723-140622-001.nev,2013723,23,3.60627024811831,3.60627024811831
R:\data_raw\human\rp3_bmi\BMI01\BlackrockData\PedA\20130724-093347\,20130724-093347-001.nev,2013724,32,3.22922024431596,3.22922024431596
R:\data_raw\human\rp3_bmi\BMI01\BlackrockData\PedA\20130726-094346\,20130726-094346-001.nev,2013726,27,3.07632170696742,3.07632170696742
R:\data_raw\human\rp3_bmi\BMI01\BlackrockData\PedA\20130730-103153\,20130730-103153-001.nev,2013730,41,3.12183901349113,3.12183901349113
R:\data_raw\human\rp3_bmi\BMI01\BlackrockData\PedA\20130731-092635\,20130731-092635-001.nev,2013731,38,3.2263473837126,3.2263473837126
R:\data_raw\human\rp3_bmi\BMI01\BlackrockData\PedA\20130806-102926\,20130806-102926-001.nev,201386,25,3.44229703796835,3.44229703796835
R:\data_raw\human\rp3_bmi\BMI01\BlackrockData\PedA\20130807-103356\,20130807-103356-001.nev,201387,29,3.1491478175735,3.1491478175735
R:\data_raw\human\rp3_bmi\BMI01\BlackrockData\PedA\20130807-104739\,20130807-104739-001.nev,201387,35,3.07489492622082,3.07489492622082
R:\data_raw\human\rp3_bmi\BMI01\BlackrockData\PedA\20130813-103208\,20130813-103208-001.nev,2013813,32,3.11820940504567,3.11820940504567
R:\data_raw\human\rp3_bmi\BMI01\BlackrockData\PedA\20130814-091816\,20130814-091816-001.nev,2013814,35,3.01754532265782,3.06386442194546
R:\data_raw\human\rp3_bmi\BMI01\BlackrockData\PedA\20130816-094055\,20130816-094055-001.nev,2013816,31,2.87348086679068,2.87348086679068
R:\data_raw\human\rp3_bmi\BMI01\BlackrockData\PedA\20130820-093812\,20130820-093812-001.nev,2013820,40,3.09363553939117,3.09363553939117
R:\data_raw\human\rp3_bmi\BMI01\BlackrockData\PedA\20130821-092949\,20130821-092949-001.nev,2013821,38,2.86082035580836,2.86082035580836
R:\data_raw\human\rp3_bmi\BMI01\BlackrockData\PedA\20130823-093103\,20130823-093103-001.nev,2013823,39,2.93664533495867,2.93664533495867
R:\data_raw\human\rp3_bmi\BMI01\BlackrockData\PedA\20130827-103409\,20130827-103409-001.nev,2013827,94,2.4126126983463,2.43223118004354
R:\data_raw\human\rp3_bmi\BMI01\BlackrockData\PedA\20130828-101738\,20130828-101738-001.nev,2013828,31,2.97860113386446,2.97860113386446
R:\data_raw\human\rp3_bmi\BMI01\BlackrockData\PedA\20130910-102701\,20130910-102701-001.nev,2013910,78,2.61776475097944,2.61776475097944
R:\data_raw\human\rp3_bmi\BMI01\BlackrockData\PedA\20130911-092813\,20130911-092813-001.nev,2013911,88,2.50971847018633,2.50971847018633
R:\data_raw\human\rp3_bmi\BMI01\BlackrockData\PedA\20130913-095718\,20130913-095718-001.nev,2013913,92,2.44006471759577,2.44006471759577
R:\data_raw\human\rp3_bmi\BMI01\BlackrockData\PedA\20130917-094209\,20130917-094209-001.nev,2013917,83,2.50798494828877,2.50798494828877
R:\data_raw\human\rp3_bmi\BMI01\BlackrockData\PedA\20130918-094332\,20130918-094332-001.nev,2013918,80,2.48547718427263,2.48547718427263
R:\data_raw\human\rp3_bmi\BMI01\BlackrockData\PedA\20130924-102351\,20130924-102351-001.nev,2013924,73,2.60697980261483,2.60697980261483
R:\data_raw\human\rp3_bmi\BMI01\BlackrockData\PedA\20130925-093750\,20130925-093750-001.nev,2013925,87,2.45020294271122,2.45020294271122
R:\data_raw\human\rp3_bmi\BMI01\BlackrockData\PedA\20130925-094430\,20130925-094430-001.nev,2013925,89,2.49413210284511,2.49413210284511
R:\data_raw\human\rp3_bmi\BMI01\BlackrockData\PedA\20130927-094655\,20130927-094655-001.nev,2013927,83,2.47726421777999,2.47726421777999
R:\data_raw\human\rp3_bmi\BMI01\BlackrockData\PedA\20131001-093540\,20131001-093540-001.nev,2013101,89,2.42300708003821,2.42300708003821
R:\data_raw\human\rp3_bmi\BMI01\BlackrockData\PedA\20131002-092947\,20131002-092947-001.nev,2013102,91,2.44089303762857,2.45727337701006
R:\data_raw\human\rp3_bmi\BMI01\BlackrockData\PedA\20131008-095544\,20131008-095544-001.nev,2013108,88,2.48599507774412,2.49733286036607
R:\data_raw\human\rp3_bmi\BMI01\BlackrockData\PedA\20131011-093709\,20131011-093709-001.nev,20131011,74,2.52602374755693,2.52602374755693
R:\data_raw\human\rp3_bmi\BMI01\BlackrockData\PedA\20131015-095645\,20131015-095645-001.nev,20131015,81,2.48680978206479,2.48680978206479
R:\data_raw\human\rp3_bmi\BMI01\BlackrockData\PedA\20131022-101706\,20131022-101706-001.nev,20131022,70,2.48016743475428,2.49798076640193
R:\data_raw\human\rp3_bmi\BMI01\BlackrockData\PedA\20131023-094129\,20131023-094129-001.nev,20131023,66,2.52997746564963,2.52997746564963
R:\data_raw\human\rp3_bmi\BMI01\BlackrockData\PedA\20131025-092436\,20131025-092436-001.nev,20131025,91,2.44332143863844,2.44332143863844
R:\data_raw\human\rp3_bmi\BMI01\BlackrockData\PedA\20131108-100811\,20131108-100811-001.nev,2013118,93,2.25014817920827,2.25014817920827
R:\data_raw\human\rp3_bmi\BMI01\BlackrockData\PedA\20131115-100922\,20131115-100922-001.nev,20131115,83,2.54835298849434,2.54835298849434
R:\data_raw\human\rp3_bmi\BMI01\BlackrockData\PedA\20131119-100636\,20131119-100636-001.nev,20131119,75,2.46403922254777,2.47780125901647
R:\data_raw\human\rp3_bmi\BMI01\BlackrockData\PedA\20131120-093834\,20131120-093834-001.nev,20131120,58,2.76341625513391,2.76341625513391
R:\data_raw\human\rp3_bmi\BMI01\BlackrockData\PedA\20131122-102424\,20131122-102424-001.nev,20131122,74,2.58817156471131,2.58817156471131
R:\data_raw\human\rp3_bmi\BMI01\BlackrockData\PedA\20131203-100130\,20131203-100130-001.nev,2013123,63,2.66626814698662,2.69335111927533
R:\data_raw\human\rp3_bmi\BMI01\BlackrockData\PedA\20131204-093604\,20131204-093604-001.nev,2013124,91,2.40519445567756,2.40519445567756
R:\data_raw\human\rp3_bmi\BMI01\BlackrockData\PedA\20131210-110546\,20131210-110546-001.nev,20131210,91,1.8292430983803,1.83713785624258
R:\data_raw\human\rp3_bmi\BMI01\BlackrockData\PedA\20131210-112639\,20131210-112639-001.nev,20131210,88,2.40800912774833,2.40800912774833
R:\data_raw\human\rp3_bmi\BMI01\BlackrockData\PedA\20131217-094418\,20131217-094418-001.nev,20131217,74,2.62432613639417,2.62432613639417
R:\data_raw\human\rp3_bmi\BMI01\BlackrockData\PedA\20131218-095409\,20131218-095409-001.nev,20131218,75,2.56262107136196,2.56262107136196
R:\data_raw\human\rp3_bmi\BMI01\BlackrockData\PedA\20131220-093137\,20131220-093137-001.nev,20131220,86,2.50565391509996,2.50565391509996
R:\data_raw\human\rp3_bmi\BMI01\BlackrockData\PedA\20140103-111042\,20140103-111042-001.nev,201413,95,2.47516151651811,2.47516151651811
R:\data_raw\human\rp3_bmi\BMI01\BlackrockData\PedA\20140108-104111\,20140108-104111-001.nev,201418,57,2.76765989367536,2.76765989367536
R:\data_raw\human\rp3_bmi\BMI01\BlackrockData\PedA\20140110-102651\,20140110-102651-001.nev,2014110,96,2.46227383516098,2.46227383516098
R:\data_raw\human\rp3_bmi\BMI01\BlackrockData\PedA\20140114-102020\,20140114-102020-001.nev,2014114,84,2.59422169026877,2.59422169026877
R:\data_raw\human\rp3_bmi\BMI01\BlackrockData\PedA\20140115-093855\,20140115-093855-001.nev,2014115,85,2.51305307360095,2.51305307360095
R:\data_raw\human\rp3_bmi\BMI01\BlackrockData\PedA\20140117-093013\,20140117-093013-001.nev,2014117,71,2.62286471461682,2.62286471461682
R:\data_raw\human\rp3_bmi\BMI01\BlackrockData\PedA\20140122-103405\,20140122-103405-001.nev,2014122,92,2.3485065310186,2.35777798599283
R:\data_raw\human\rp3_bmi\BMI01\BlackrockData\PedA\20140124-095714\,20140124-095714-001.nev,2014124,90,2.4261081681707,2.4261081681707
R:\data_raw\human\rp3_bmi\BMI01\BlackrockData\PedA\20140129-094442\,20140129-094442-001.nev,2014129,73,2.57074179707444,2.57074179707444
R:\data_raw\human\rp3_bmi\BMI01\BlackrockData\PedA\20140131-095221\,20140131-095221-001.nev,2014131,86,2.51447048008661,2.51447048008661
R:\data_raw\human\rp3_bmi\BMI01\BlackrockData\PedA\20140211-095210\,20140211-095210-001.nev,2014211,91,2.4194550958223,2.4194550958223
R:\data_raw\human\rp3_bmi\BMI01\BlackrockData\PedA\20140219-112738\,20140219-112738-001.nev,2014219,91,2.35619931793798,2.35619931793798
R:\data_raw\human\rp3_bmi\BMI01\BlackrockData\PedA\20140221-094558\,20140221-094558-001.nev,2014221,91,2.36706214539755,2.37676243788449
R:\data_raw\human\rp3_bmi\BMI01\BlackrockData\PedA\20140225-100740\,20140225-100740-001.nev,2014225,80,2.45305763832669,2.45305763832669
R:\data_raw\human\rp3_bmi\BMI01\BlackrockData\PedA\20140226-094741\,20140226-094741-001.nev,2014226,86,2.49992746921853,2.49992746921853
R:\data_raw\human\rp3_bmi\BMI01\BlackrockData\PedA\20140228-093737\,20140228-093737-001.nev,2014228,84,2.41745139125258,2.43195588740102
R:\data_raw\human\rp3_bmi\BMI01\BlackrockData\PedA\20140304-101522\,20140304-101522-001.nev,201434,82,2.41283859857457,2.41283859857457
R:\data_raw\human\rp3_bmi\BMI01\BlackrockData\PedA\20140307-085239\,20140307-085239-001.nev,201437,84,2.48430265190302,2.48430265190302
R:\data_raw\human\rp3_bmi\BMI01\BlackrockData\PedA\20140311-094351\,20140311-094351-001.nev,2014311,81,2.41758876803511,2.41758876803511
R:\data_raw\human\rp3_bmi\BMI01\BlackrockData\PedA\20140312-095049\,20140312-095049-001.nev,2014312,81,2.39967569980751,2.39967569980751
R:\data_raw\human\rp3_bmi\BMI01\BlackrockData\PedA\20140314-092447\,20140314-092447-001.nev,2014314,76,2.5311012498897,2.5311012498897
R:\data_raw\human\rp3_bmi\BMI01\BlackrockData\PedA\20140318-094833\,20140318-094833-001.nev,2014318,71,2.52524363686474,2.52524363686474
R:\data_raw\human\rp3_bmi\BMI01\BlackrockData\PedA\20140321-093105\,20140321-093105-001.nev,2014321,53,2.56969367219895,2.56969367219895
R:\data_raw\human\rp3_bmi\BMI01\BlackrockData\PedA\20140324-094518\,20140324-094518-001.nev,2014324,82,2.46664222207864,2.46664222207864
R:\data_raw\human\rp3_bmi\BMI01\BlackrockData\PedA\20140326-093359\,20140326-093359-001.nev,2014326,81,2.47954288774573,2.47954288774573
R:\data_raw\human\rp3_bmi\BMI01\BlackrockData\PedA\20140401-101148\,20140401-101148-001.nev,201441,67,2.53291044084536,2.53291044084536
R:\data_raw\human\rp3_bmi\BMI01\BlackrockData\PedA\20140402-094049\,20140402-094049-001.nev,201442,78,2.54787689403177,2.54787689403177
R:\data_raw\human\rp3_bmi\BMI01\BlackrockData\PedA\20140415-094701\,20140415-094701-001.nev,2014415,86,2.41931788689706,2.41931788689706
R:\data_raw\human\rp3_bmi\BMI01\BlackrockData\PedA\20140416-094054\,20140416-094054-001.nev,2014416,37,2.85513900821818,2.85513900821818
R:\data_raw\human\rp3_bmi\BMI01\BlackrockData\PedA\20140418-093115\,20140418-093115-001.nev,2014418,87,2.47800791259714,2.47800791259714
R:\data_raw\human\rp3_bmi\BMI01\BlackrockData\PedA\20140421-100940\,20140421-100940-001.nev,2014421,82,2.50300108395282,2.50300108395282
R:\data_raw\human\rp3_bmi\BMI01\BlackrockData\PedA\20140423-101442\,20140423-101442-001.nev,2014423,68,2.54970581288427,2.54970581288427
R:\data_raw\human\rp3_bmi\BMI01\BlackrockData\PedA\20140425-093005\,20140425-093005-001.nev,2014425,79,2.43334506172672,2.43334506172672
R:\data_raw\human\rp3_bmi\BMI01\BlackrockData\PedA\20140429-095647\,20140429-095647-001.nev,2014429,73,2.55113152904654,2.55113152904654
R:\data_raw\human\rp3_bmi\BMI01\BlackrockData\PedA\20140430-092934\,20140430-092934-001.nev,2014430,89,2.46523858873958,2.46523858873958
R:\data_raw\human\rp3_bmi\BMI01\BlackrockData\PedA\20140502-093346\,20140502-093346-001.nev,201452,78,2.54205930011843,2.54205930011843
R:\data_raw\human\rp3_bmi\BMI01\BlackrockData\PedA\20140506-095042\,20140506-095042-001.nev,201456,79,2.49837497440224,2.49837497440224
R:\data_raw\human\rp3_bmi\BMI01\BlackrockData\PedA\20140514-101115\,20140514-101115-001.nev,2014514,80,2.45227696781538,2.45227696781538
R:\data_raw\human\rp3_bmi\BMI01\BlackrockData\PedA\20140516-093908\,20140516-093908-001.nev,2014516,68,2.5204608914717,2.5204608914717
R:\data_raw\human\rp3_bmi\BMI01\BlackrockData\PedA\20140520-113326\,20140520-113326-001.nev,2014520,60,2.37085673691669,2.37085673691669
R:\data_raw\human\rp3_bmi\BMI01\BlackrockData\PedA\20140521-095615\,20140521-095615-001.nev,2014521,84,2.50809038643173,2.50809038643173
R:\data_raw\human\rp3_bmi\BMI01\BlackrockData\PedA\20140523-101641\,20140523-101641-001.nev,2014523,54,2.55750301228842,2.55750301228842
R:\data_raw\human\rp3_bmi\BMI01\BlackrockData\PedA\20140527-100507\,20140527-100507-001.nev,2014527,90,2.35953989597566,2.3702277131166
R:\data_raw\human\rp3_bmi\BMI01\BlackrockData\PedA\20140530-095124\,20140530-095124-001.nev,2014530,79,2.49581283390694,2.49581283390694
R:\data_raw\human\rp3_bmi\BMI01\BlackrockData\PedA\20140603-094742\,20140603-094742-001.nev,201463,70,2.59602326121919,2.59602326121919
R:\data_raw\human\rp3_bmi\BMI01\BlackrockData\PedA\20140606-095208\,20140606-095208-001.nev,201466,80,2.55033348659494,2.55033348659494
R:\data_raw\human\rp3_bmi\BMI01\BlackrockData\PedA\20140610-094951\,20140610-094951-001.nev,2014610,76,2.52506808652205,2.52506808652205
R:\data_raw\human\rp3_bmi\BMI01\BlackrockData\PedA\20140611-094653\,20140611-094653-001.nev,2014611,73,2.53985679625276,2.53985679625276
R:\data_raw\human\rp3_bmi\BMI01\BlackrockData\PedA\20140617-094058\,20140617-094058-001.nev,2014617,71,2.50163884795582,2.50163884795582
R:\data_raw\human\rp3_bmi\BMI01\BlackrockData\PedA\20140618-100508\,20140618-100508-001.nev,2014618,73,2.56995703844256,2.56995703844256
R:\data_raw\human\rp3_bmi\BMI01\BlackrockData\PedA\20140624-094613\,20140624-094613-001.nev,2014624,57,2.59942422523442,2.59942422523442
R:\data_raw\human\rp3_bmi\BMI01\BlackrockData\PedA\20140625-093958\,20140625-093958-001.nev,2014625,86,2.39767733956695,2.39767733956695
R:\data_raw\human\rp3_bmi\BMI01\BlackrockData\PedA\20140627-093458\,20140627-093458-001.nev,2014627,73,2.52107073474458,2.52107073474458
R:\data_raw\human\rp3_bmi\BMI01\BlackrockData\PedA\20140701-094641\,20140701-094641-001.nev,201471,33,2.90702480316956,2.90702480316956
R:\data_raw\human\rp3_bmi\BMI01\BlackrockData\PedA\20140702-094513\,20140702-094513-001.nev,201472,87,2.43622236727145,2.43622236727145
R:\data_raw\human\rp3_bmi\BMI01\BlackrockData\PedA\20140708-095330\,20140708-095330-001.nev,201478,55,2.61703163018,2.61703163018
R:\data_raw\human\rp3_bmi\BMI01\BlackrockData\PedA\20140709-093735\,20140709-093735-001.nev,201479,49,2.61112646353972,2.61112646353972
R:\data_raw\human\rp3_bmi\BMI01\BlackrockData\PedA\20140711-093141\,20140711-093141-001.nev,2014711,81,2.46526375303537,2.46526375303537
R:\data_raw\human\rp3_bmi\BMI01\BlackrockData\PedA\20140715-100414\,20140715-100414-001.nev,2014715,65,2.44403761598757,2.45885040218459
R:\data_raw\human\rp3_bmi\BMI01\BlackrockData\PedA\20140716-093736\,20140716-093736-001.nev,2014716,86,2.46497052371397,2.46497052371397
R:\data_raw\human\rp3_bmi\BMI01\BlackrockData\PedA\20140723-093650\,20140723-093650-001.nev,2014723,83,2.445676375788,2.445676375788
R:\data_raw\human\rp3_bmi\BMI01\BlackrockData\PedA\20140725-093204\,20140725-093204-001.nev,2014725,82,2.51160616361404,2.51160616361404
R:\data_raw\human\rp3_bmi\BMI01\BlackrockData\PedA\20140729-094541\,20140729-094541-001.nev,2014729,73,2.46506906003385,2.46506906003385
R:\data_raw\human\rp3_bmi\BMI01\BlackrockData\PedA\20140730-092954\,20140730-092954-001.nev,2014730,68,2.51859872841608,2.51859872841608
R:\data_raw\human\rp3_bmi\BMI01\BlackrockData\PedA\20140805-093144\,20140805-093144-001.nev,201485,58,2.48032253854122,2.4995037397062
R:\data_raw\human\rp3_bmi\BMI01\BlackrockData\PedA\20140806-104747\,20140806-104747-001.nev,201486,70,2.54150458238977,2.55743294062918
R:\data_raw\human\rp3_bmi\BMI01\BlackrockData\PedA\20140808-094030\,20140808-094030-001.nev,201488,61,2.60840565581272,2.60840565581272
R:\data_raw\human\rp3_bmi\BMI01\BlackrockData\PedA\20140812-093806\,20140812-093806-001.nev,2014812,84,2.46869166203245,2.46869166203245
R:\data_raw\human\rp3_bmi\BMI01\BlackrockData\PedA\20140813-093441\,20140813-093441-001.nev,2014813,85,2.43965261867931,2.45305257035345
R:\data_raw\human\rp3_bmi\BMI01\BlackrockData\PedA\20140819-094257\,20140819-094257-001.nev,2014819,83,2.39997636437349,2.39997636437349
R:\data_raw\human\rp3_bmi\BMI01\BlackrockData\PedA\20140820-100630\,20140820-100630-001.nev,2014820,37,2.75129053115941,2.78536806824226
R:\data_raw\human\rp3_bmi\BMI01\BlackrockData\PedA\20140822-092819\,20140822-092819-001.nev,2014822,85,2.4396575968103,2.4396575968103
R:\data_raw\human\rp3_bmi\BMI01\BlackrockData\PedA\20140826-094530\,20140826-094530-001.nev,2014826,60,2.51970048161469,2.51970048161469
R:\data_raw\human\rp3_bmi\BMI01\BlackrockData\PedA\20140902-095920\,20140902-095920-001.nev,201492,83,2.40215406663975,2.40215406663975
R:\data_raw\human\rp3_bmi\BMI01\BlackrockData\PedA\20140903-093259\,20140903-093259-001.nev,201493,78,2.46883574400595,2.46883574400595
R:\data_raw\human\rp3_bmi\BMI01\BlackrockData\PedA\20140905-093942\,20140905-093942-001.nev,201495,57,2.61665226952422,2.61665226952422
R:\data_raw\human\rp3_bmi\BMI01\BlackrockData\PedA\20140910-093941\,20140910-093941-001.nev,2014910,72,2.44326307386862,2.44326307386862
R:\data_raw\human\rp3_bmi\BMI01\BlackrockData\PedA\20140912-095603\,20140912-095603-001.nev,2014912,76,2.48512348786306,2.48512348786306
R:\data_raw\human\rp3_bmi\BMI01\BlackrockData\PedA\20140916-095321\,20140916-095321-001.nev,2014916,60,2.56674038543387,2.56674038543387
R:\data_raw\human\rp3_bmi\BMI01\BlackrockData\PedA\20140917-094539\,20140917-094539-001.nev,2014917,72,2.46723434497656,2.46723434497656
R:\data_raw\human\rp3_bmi\BMI01\BlackrockData\PedA\20140924-100350\,20140924-100350-001.nev,2014924,71,2.43534764620649,2.43534764620649
R:\data_raw\human\rp3_bmi\BMI01\BlackrockData\PedA\20140926-094224\,20140926-094224-001.nev,2014926,71,2.50354435099485,2.50354435099485
R:\data_raw\human\rp3_bmi\BMI01\BlackrockData\PedA\20140930-094843\,20140930-094843-001.nev,2014930,84,2.47453382430318,2.47453382430318
R:\data_raw\human\rp3_bmi\BMI01\BlackrockData\PedA\20141003-093710\,20141003-093710-001.nev,2014103,74,2.54723103061386,2.54723103061386
R:\data_raw\human\rp3_bmi\BMI01\BlackrockData\PedA\20141007-101249\,20141007-101249-001.nev,2014107,66,2.51382797298491,2.51382797298491
R:\data_raw\human\rp3_bmi\BMI01\BlackrockData\PedA\20141010-101730\,20141010-101730-001.nev,20141010,70,2.45370510692004,2.46915588674253
R:\data_raw\human\rp3_bmi\BMI01\BlackrockData\PedA\20141014-100234\,20141014-100234-001.nev,20141014,79,2.51682629846119,2.51682629846119
R:\data_raw\human\rp3_bmi\BMI01\BlackrockData\PedA\20141017-094907\,20141017-094907-001.nev,20141017,82,2.51814672672311,2.51814672672311
R:\data_raw\human\rp3_bmi\BMI01\BlackrockData\PedA\20141022-104246\,20141022-104246-001.nev,20141022,75,2.53213610406265,2.53213610406265
